{
  "anchors": [
    0.53,
    0.66,
    0.28,
    0.84,
    0.88,
    1.75,
    0.22,
    0.28,
    2.22,
    2.69
  ],
  "inputs": {
    "input0": [
      224,
      224,
      3
    ]
  },
  "outputs": {
    "output0": [
      7,
      7,
      50
    ]
  },
  "params_quantity": 1871426,
  "loss": [
    [
      1,
      9.92659
    ],
    [
      2,
      9.22798
    ],
    [
      3,
      9.25661
    ],
    [
      4,
      9.061
    ],
    [
      5,
      9.11022
    ],
    [
      6,
      9.9694
    ],
    [
      7,
      8.9969
    ],
    [
      8,
      8.96483
    ],
    [
      9,
      8.62853
    ],
    [
      10,
      8.42946
    ],
    [
      11,
      8.8301
    ],
    [
      12,
      8.61838
    ],
    [
      13,
      8.62061
    ],
    [
      14,
      8.36658
    ],
    [
      15,
      8.55235
    ],
    [
      16,
      8.41326
    ],
    [
      17,
      8.41627
    ],
    [
      18,
      8.24079
    ],
    [
      19,
      8.70989
    ],
    [
      20,
      8.65764
    ],
    [
      21,
      8.40352
    ],
    [
      22,
      8.52894
    ],
    [
      23,
      8.48899
    ],
    [
      24,
      8.46692
    ],
    [
      25,
      8.46891
    ],
    [
      26,
      8.39124
    ],
    [
      27,
      8.35997
    ],
    [
      28,
      8.4428
    ],
    [
      29,
      8.44957
    ],
    [
      30,
      8.55588
    ],
    [
      31,
      8.40987
    ],
    [
      32,
      8.3395
    ],
    [
      33,
      8.34394
    ],
    [
      34,
      8.16627
    ],
    [
      35,
      8.41237
    ],
    [
      36,
      8.51045
    ],
    [
      37,
      8.69082
    ],
    [
      38,
      8.2549
    ],
    [
      39,
      8.28925
    ],
    [
      40,
      8.22653
    ],
    [
      41,
      8.11859
    ],
    [
      42,
      8.08021
    ],
    [
      43,
      8.37445
    ],
    [
      44,
      8.19987
    ],
    [
      45,
      8.5612
    ],
    [
      46,
      8.28832
    ],
    [
      47,
      8.47785
    ],
    [
      48,
      8.30016
    ],
    [
      49,
      8.31549
    ],
    [
      50,
      8.38893
    ],
    [
      51,
      8.5802
    ],
    [
      52,
      8.23726
    ],
    [
      53,
      8.37584
    ],
    [
      54,
      8.13902
    ],
    [
      55,
      8.47272
    ],
    [
      56,
      8.35187
    ],
    [
      57,
      8.38712
    ],
    [
      58,
      8.29656
    ],
    [
      59,
      8.49531
    ],
    [
      60,
      8.25438
    ],
    [
      61,
      8.3287
    ],
    [
      62,
      8.02287
    ],
    [
      63,
      8.4133
    ],
    [
      64,
      8.16468
    ],
    [
      65,
      8.71936
    ],
    [
      66,
      8.23638
    ],
    [
      67,
      8.24504
    ],
    [
      68,
      8.13297
    ],
    [
      69,
      8.27246
    ],
    [
      70,
      8.25151
    ],
    [
      71,
      8.49158
    ],
    [
      72,
      8.37678
    ],
    [
      73,
      8.38753
    ],
    [
      74,
      8.34699
    ],
    [
      75,
      8.68934
    ],
    [
      76,
      8.09678
    ],
    [
      77,
      8.35937
    ],
    [
      78,
      8.49773
    ],
    [
      79,
      8.29269
    ],
    [
      80,
      8.30135
    ],
    [
      81,
      8.49851
    ],
    [
      82,
      8.40326
    ],
    [
      83,
      8.47523
    ],
    [
      84,
      8.47516
    ],
    [
      85,
      8.51203
    ],
    [
      86,
      8.451
    ],
    [
      87,
      8.45554
    ],
    [
      88,
      8.41797
    ],
    [
      89,
      8.34022
    ],
    [
      90,
      8.31458
    ],
    [
      91,
      8.36283
    ],
    [
      92,
      8.80865
    ],
    [
      93,
      8.51555
    ],
    [
      94,
      8.37846
    ],
    [
      95,
      8.66875
    ],
    [
      96,
      8.31752
    ],
    [
      97,
      8.31509
    ],
    [
      98,
      8.34579
    ],
    [
      99,
      8.23657
    ],
    [
      100,
      8.35805
    ],
    [
      101,
      8.29775
    ],
    [
      102,
      8.3736
    ],
    [
      103,
      8.34533
    ],
    [
      104,
      8.28261
    ],
    [
      105,
      8.57726
    ],
    [
      106,
      8.49672
    ],
    [
      107,
      8.07611
    ],
    [
      108,
      8.32395
    ],
    [
      109,
      8.37226
    ],
    [
      110,
      7.94107
    ],
    [
      111,
      8.1816
    ],
    [
      112,
      8.53602
    ],
    [
      113,
      8.5533
    ],
    [
      114,
      8.63562
    ],
    [
      115,
      8.24561
    ],
    [
      116,
      8.32336
    ],
    [
      117,
      8.02782
    ],
    [
      118,
      8.48854
    ],
    [
      119,
      8.28076
    ],
    [
      120,
      8.35787
    ],
    [
      121,
      8.4799
    ],
    [
      122,
      8.26299
    ],
    [
      123,
      8.03079
    ],
    [
      124,
      8.23636
    ],
    [
      125,
      8.54975
    ],
    [
      126,
      8.44146
    ],
    [
      127,
      8.19852
    ],
    [
      128,
      8.31957
    ],
    [
      129,
      8.43972
    ],
    [
      130,
      8.49313
    ],
    [
      131,
      8.29746
    ],
    [
      132,
      8.24139
    ],
    [
      133,
      8.0776
    ],
    [
      134,
      8.3929
    ],
    [
      135,
      8.20511
    ],
    [
      136,
      8.17958
    ],
    [
      137,
      8.30246
    ],
    [
      138,
      8.25342
    ],
    [
      139,
      8.42364
    ],
    [
      140,
      8.41359
    ],
    [
      141,
      8.41348
    ],
    [
      142,
      8.13432
    ],
    [
      143,
      8.12595
    ],
    [
      144,
      8.45031
    ],
    [
      145,
      8.40054
    ],
    [
      146,
      8.43025
    ],
    [
      147,
      8.44561
    ],
    [
      148,
      8.4368
    ],
    [
      149,
      8.43851
    ],
    [
      150,
      8.39889
    ],
    [
      151,
      8.01479
    ],
    [
      152,
      8.19166
    ],
    [
      153,
      8.46222
    ],
    [
      154,
      8.42363
    ],
    [
      155,
      8.29496
    ],
    [
      156,
      8.24983
    ],
    [
      157,
      8.40251
    ],
    [
      158,
      8.26996
    ],
    [
      159,
      8.28736
    ],
    [
      160,
      8.46198
    ],
    [
      161,
      8.25795
    ],
    [
      162,
      8.37869
    ],
    [
      163,
      8.74064
    ],
    [
      164,
      8.28365
    ],
    [
      165,
      8.40459
    ],
    [
      166,
      8.35517
    ],
    [
      167,
      8.4966
    ],
    [
      168,
      8.41067
    ],
    [
      169,
      8.08772
    ],
    [
      170,
      8.3229
    ],
    [
      171,
      8.26971
    ],
    [
      172,
      8.39105
    ],
    [
      173,
      8.58719
    ],
    [
      174,
      8.496
    ],
    [
      175,
      8.43614
    ],
    [
      176,
      8.42939
    ],
    [
      177,
      8.38215
    ],
    [
      178,
      8.32717
    ],
    [
      179,
      8.07936
    ],
    [
      180,
      8.23507
    ],
    [
      181,
      8.43849
    ],
    [
      182,
      8.56779
    ],
    [
      183,
      8.31518
    ],
    [
      184,
      8.3175
    ],
    [
      185,
      8.19928
    ],
    [
      186,
      8.30985
    ],
    [
      187,
      8.25216
    ],
    [
      188,
      8.3321
    ],
    [
      189,
      8.48057
    ],
    [
      190,
      8.6313
    ],
    [
      191,
      8.24732
    ],
    [
      192,
      8.37378
    ],
    [
      193,
      8.22398
    ],
    [
      194,
      8.68121
    ],
    [
      195,
      8.23679
    ],
    [
      196,
      8.58304
    ],
    [
      197,
      8.5678
    ],
    [
      198,
      8.39997
    ],
    [
      199,
      8.52773
    ],
    [
      200,
      8.44978
    ]
  ],
  "acc": [
    [
      1,
      0.35072
    ],
    [
      2,
      0.26883
    ],
    [
      3,
      0.2474
    ],
    [
      4,
      0.25433
    ],
    [
      5,
      0.25048
    ],
    [
      6,
      0.35912
    ],
    [
      7,
      0.29701
    ],
    [
      8,
      0.30031
    ],
    [
      9,
      0.32189
    ],
    [
      10,
      0.33616
    ],
    [
      11,
      0.33777
    ],
    [
      12,
      0.34119
    ],
    [
      13,
      0.33807
    ],
    [
      14,
      0.33083
    ],
    [
      15,
      0.30032
    ],
    [
      16,
      0.28302
    ],
    [
      17,
      0.2835
    ],
    [
      18,
      0.28868
    ],
    [
      19,
      0.29977
    ],
    [
      20,
      0.30596
    ],
    [
      21,
      0.29463
    ],
    [
      22,
      0.28845
    ],
    [
      23,
      0.31267
    ],
    [
      24,
      0.30292
    ],
    [
      25,
      0.29951
    ],
    [
      26,
      0.30164
    ],
    [
      27,
      0.30065
    ],
    [
      28,
      0.29928
    ],
    [
      29,
      0.2936
    ],
    [
      30,
      0.28621
    ],
    [
      31,
      0.2853
    ],
    [
      32,
      0.2755
    ],
    [
      33,
      0.28218
    ],
    [
      34,
      0.28788
    ],
    [
      35,
      0.28815
    ],
    [
      36,
      0.27371
    ],
    [
      37,
      0.28618
    ],
    [
      38,
      0.2954
    ],
    [
      39,
      0.29997
    ],
    [
      40,
      0.30059
    ],
    [
      41,
      0.28732
    ],
    [
      42,
      0.28329
    ],
    [
      43,
      0.27906
    ],
    [
      44,
      0.27541
    ],
    [
      45,
      0.27244
    ],
    [
      46,
      0.28167
    ],
    [
      47,
      0.28646
    ],
    [
      48,
      0.28325
    ],
    [
      49,
      0.27852
    ],
    [
      50,
      0.28167
    ],
    [
      51,
      0.28042
    ],
    [
      52,
      0.27928
    ],
    [
      53,
      0.27808
    ],
    [
      54,
      0.2827
    ],
    [
      55,
      0.27677
    ],
    [
      56,
      0.27391
    ],
    [
      57,
      0.28404
    ],
    [
      58,
      0.3048
    ],
    [
      59,
      0.30592
    ],
    [
      60,
      0.30742
    ],
    [
      61,
      0.30664
    ],
    [
      62,
      0.29506
    ],
    [
      63,
      0.29242
    ],
    [
      64,
      0.2904
    ],
    [
      65,
      0.29673
    ],
    [
      66,
      0.28743
    ],
    [
      67,
      0.28776
    ],
    [
      68,
      0.29008
    ],
    [
      69,
      0.28495
    ],
    [
      70,
      0.28194
    ],
    [
      71,
      0.28536
    ],
    [
      72,
      0.2853
    ],
    [
      73,
      0.28167
    ],
    [
      74,
      0.27906
    ],
    [
      75,
      0.27515
    ],
    [
      76,
      0.26458
    ],
    [
      77,
      0.26289
    ],
    [
      78,
      0.26872
    ],
    [
      79,
      0.26966
    ],
    [
      80,
      0.27032
    ],
    [
      81,
      0.27519
    ],
    [
      82,
      0.27815
    ],
    [
      83,
      0.27342
    ],
    [
      84,
      0.26504
    ],
    [
      85,
      0.26995
    ],
    [
      86,
      0.26973
    ],
    [
      87,
      0.27247
    ],
    [
      88,
      0.27091
    ],
    [
      89,
      0.28819
    ],
    [
      90,
      0.28008
    ],
    [
      91,
      0.27947
    ],
    [
      92,
      0.27513
    ],
    [
      93,
      0.27438
    ],
    [
      94,
      0.26285
    ],
    [
      95,
      0.26733
    ],
    [
      96,
      0.2698
    ],
    [
      97,
      0.28584
    ],
    [
      98,
      0.28386
    ],
    [
      99,
      0.28334
    ],
    [
      100,
      0.28434
    ],
    [
      101,
      0.28282
    ],
    [
      102,
      0.27958
    ],
    [
      103,
      0.27367
    ],
    [
      104,
      0.27518
    ],
    [
      105,
      0.27779
    ],
    [
      106,
      0.27152
    ],
    [
      107,
      0.26845
    ],
    [
      108,
      0.26448
    ],
    [
      109,
      0.26617
    ],
    [
      110,
      0.27132
    ],
    [
      111,
      0.27082
    ],
    [
      112,
      0.26894
    ],
    [
      113,
      0.2672
    ],
    [
      114,
      0.27142
    ],
    [
      115,
      0.26304
    ],
    [
      116,
      0.25972
    ],
    [
      117,
      0.26547
    ],
    [
      118,
      0.2632
    ],
    [
      119,
      0.2624
    ],
    [
      120,
      0.25919
    ],
    [
      121,
      0.2569
    ],
    [
      122,
      0.25449
    ],
    [
      123,
      0.25507
    ],
    [
      124,
      0.25556
    ],
    [
      125,
      0.2555
    ],
    [
      126,
      0.25918
    ],
    [
      127,
      0.26038
    ],
    [
      128,
      0.26314
    ],
    [
      129,
      0.2681
    ],
    [
      130,
      0.26786
    ],
    [
      131,
      0.26722
    ],
    [
      132,
      0.2643
    ],
    [
      133,
      0.26447
    ],
    [
      134,
      0.26762
    ],
    [
      135,
      0.27087
    ],
    [
      136,
      0.26816
    ],
    [
      137,
      0.2666
    ],
    [
      138,
      0.26444
    ],
    [
      139,
      0.26169
    ],
    [
      140,
      0.25766
    ],
    [
      141,
      0.26085
    ],
    [
      142,
      0.25756
    ],
    [
      143,
      0.25721
    ],
    [
      144,
      0.26008
    ],
    [
      145,
      0.25706
    ],
    [
      146,
      0.24792
    ],
    [
      147,
      0.24545
    ],
    [
      148,
      0.24342
    ],
    [
      149,
      0.24598
    ],
    [
      150,
      0.24567
    ],
    [
      151,
      0.24614
    ],
    [
      152,
      0.24705
    ],
    [
      153,
      0.24829
    ],
    [
      154,
      0.24774
    ],
    [
      155,
      0.24836
    ],
    [
      156,
      0.24415
    ],
    [
      157,
      0.24373
    ],
    [
      158,
      0.24143
    ],
    [
      159,
      0.23744
    ],
    [
      160,
      0.239
    ],
    [
      161,
      0.2384
    ],
    [
      162,
      0.23843
    ],
    [
      163,
      0.23632
    ],
    [
      164,
      0.23587
    ],
    [
      165,
      0.23781
    ],
    [
      166,
      0.2357
    ],
    [
      167,
      0.23594
    ],
    [
      168,
      0.23643
    ],
    [
      169,
      0.2356
    ],
    [
      170,
      0.24404
    ],
    [
      171,
      0.24108
    ],
    [
      172,
      0.24062
    ],
    [
      173,
      0.23928
    ],
    [
      174,
      0.23884
    ],
    [
      175,
      0.23907
    ],
    [
      176,
      0.2359
    ],
    [
      177,
      0.23507
    ],
    [
      178,
      0.23755
    ],
    [
      179,
      0.23776
    ],
    [
      180,
      0.23693
    ],
    [
      181,
      0.23678
    ],
    [
      182,
      0.22961
    ],
    [
      183,
      0.23213
    ],
    [
      184,
      0.2329
    ],
    [
      185,
      0.23141
    ],
    [
      186,
      0.23043
    ],
    [
      187,
      0.23198
    ],
    [
      188,
      0.2313
    ],
    [
      189,
      0.23111
    ],
    [
      190,
      0.23217
    ],
    [
      191,
      0.22951
    ],
    [
      192,
      0.23072
    ],
    [
      193,
      0.23072
    ],
    [
      194,
      0.22932
    ],
    [
      195,
      0.22973
    ],
    [
      196,
      0.22975
    ],
    [
      197,
      0.23041
    ],
    [
      198,
      0.23019
    ],
    [
      199,
      0.2306
    ],
    [
      200,
      0.22965
    ]
  ],
  "lr": [
    [
      1,
      0.001
    ],
    [
      2,
      0.00099
    ],
    [
      3,
      0.00098
    ],
    [
      4,
      0.00097
    ],
    [
      5,
      0.00095
    ],
    [
      6,
      0.00094
    ],
    [
      7,
      0.00093
    ],
    [
      8,
      0.00092
    ],
    [
      9,
      0.00091
    ],
    [
      10,
      0.0009
    ],
    [
      11,
      0.00089
    ],
    [
      12,
      0.00088
    ],
    [
      13,
      0.00087
    ],
    [
      14,
      0.00086
    ],
    [
      15,
      0.00085
    ],
    [
      16,
      0.00084
    ],
    [
      17,
      0.00083
    ],
    [
      18,
      0.00082
    ],
    [
      19,
      0.00081
    ],
    [
      20,
      0.0008
    ],
    [
      21,
      0.00079
    ],
    [
      22,
      0.00079
    ],
    [
      23,
      0.00078
    ],
    [
      24,
      0.00077
    ],
    [
      25,
      0.00076
    ],
    [
      26,
      0.00075
    ],
    [
      27,
      0.00074
    ],
    [
      28,
      0.00073
    ],
    [
      29,
      0.00072
    ],
    [
      30,
      0.00072
    ],
    [
      31,
      0.00071
    ],
    [
      32,
      0.0007
    ],
    [
      33,
      0.00069
    ],
    [
      34,
      0.00068
    ],
    [
      35,
      0.00068
    ],
    [
      36,
      0.00067
    ],
    [
      37,
      0.00066
    ],
    [
      38,
      0.00065
    ],
    [
      39,
      0.00065
    ],
    [
      40,
      0.00064
    ],
    [
      41,
      0.00063
    ],
    [
      42,
      0.00062
    ],
    [
      43,
      0.00062
    ],
    [
      44,
      0.00061
    ],
    [
      45,
      0.0006
    ],
    [
      46,
      0.0006
    ],
    [
      47,
      0.00059
    ],
    [
      48,
      0.00058
    ],
    [
      49,
      0.00058
    ],
    [
      50,
      0.00057
    ],
    [
      51,
      0.00056
    ],
    [
      52,
      0.00056
    ],
    [
      53,
      0.00055
    ],
    [
      54,
      0.00054
    ],
    [
      55,
      0.00054
    ],
    [
      56,
      0.00053
    ],
    [
      57,
      0.00052
    ],
    [
      58,
      0.00052
    ],
    [
      59,
      0.00051
    ],
    [
      60,
      0.00051
    ],
    [
      61,
      0.0005
    ],
    [
      62,
      0.0005
    ],
    [
      63,
      0.00049
    ],
    [
      64,
      0.00048
    ],
    [
      65,
      0.00048
    ],
    [
      66,
      0.00047
    ],
    [
      67,
      0.00047
    ],
    [
      68,
      0.00046
    ],
    [
      69,
      0.00046
    ],
    [
      70,
      0.00045
    ],
    [
      71,
      0.00045
    ],
    [
      72,
      0.00044
    ],
    [
      73,
      0.00044
    ],
    [
      74,
      0.00043
    ],
    [
      75,
      0.00043
    ],
    [
      76,
      0.00042
    ],
    [
      77,
      0.00042
    ],
    [
      78,
      0.00041
    ],
    [
      79,
      0.00041
    ],
    [
      80,
      0.0004
    ],
    [
      81,
      0.0004
    ],
    [
      82,
      0.00039
    ],
    [
      83,
      0.00039
    ],
    [
      84,
      0.00038
    ],
    [
      85,
      0.00038
    ],
    [
      86,
      0.00038
    ],
    [
      87,
      0.00037
    ],
    [
      88,
      0.00037
    ],
    [
      89,
      0.00036
    ],
    [
      90,
      0.00036
    ],
    [
      91,
      0.00035
    ],
    [
      92,
      0.00035
    ],
    [
      93,
      0.00035
    ],
    [
      94,
      0.00034
    ],
    [
      95,
      0.00034
    ],
    [
      96,
      0.00033
    ],
    [
      97,
      0.00033
    ],
    [
      98,
      0.00033
    ],
    [
      99,
      0.00032
    ],
    [
      100,
      0.00032
    ],
    [
      101,
      0.00032
    ],
    [
      102,
      0.00031
    ],
    [
      103,
      0.00031
    ],
    [
      104,
      0.00031
    ],
    [
      105,
      0.0003
    ],
    [
      106,
      0.0003
    ],
    [
      107,
      0.0003
    ],
    [
      108,
      0.00029
    ],
    [
      109,
      0.00029
    ],
    [
      110,
      0.00029
    ],
    [
      111,
      0.00028
    ],
    [
      112,
      0.00028
    ],
    [
      113,
      0.00028
    ],
    [
      114,
      0.00027
    ],
    [
      115,
      0.00027
    ],
    [
      116,
      0.00027
    ],
    [
      117,
      0.00026
    ],
    [
      118,
      0.00026
    ],
    [
      119,
      0.00026
    ],
    [
      120,
      0.00025
    ],
    [
      121,
      0.00025
    ],
    [
      122,
      0.00025
    ],
    [
      123,
      0.00025
    ],
    [
      124,
      0.00024
    ],
    [
      125,
      0.00024
    ],
    [
      126,
      0.00024
    ],
    [
      127,
      0.00023
    ],
    [
      128,
      0.00023
    ],
    [
      129,
      0.00023
    ],
    [
      130,
      0.00023
    ],
    [
      131,
      0.00022
    ],
    [
      132,
      0.00022
    ],
    [
      133,
      0.00022
    ],
    [
      134,
      0.00022
    ],
    [
      135,
      0.00021
    ],
    [
      136,
      0.00021
    ],
    [
      137,
      0.00021
    ],
    [
      138,
      0.00021
    ],
    [
      139,
      0.0002
    ],
    [
      140,
      0.0002
    ],
    [
      141,
      0.0002
    ],
    [
      142,
      0.0002
    ],
    [
      143,
      0.00019
    ],
    [
      144,
      0.00019
    ],
    [
      145,
      0.00019
    ],
    [
      146,
      0.00019
    ],
    [
      147,
      0.00019
    ],
    [
      148,
      0.00018
    ],
    [
      149,
      0.00018
    ],
    [
      150,
      0.00018
    ],
    [
      151,
      0.00018
    ],
    [
      152,
      0.00018
    ],
    [
      153,
      0.00017
    ],
    [
      154,
      0.00017
    ],
    [
      155,
      0.00017
    ],
    [
      156,
      0.00017
    ],
    [
      157,
      0.00017
    ],
    [
      158,
      0.00016
    ],
    [
      159,
      0.00016
    ],
    [
      160,
      0.00016
    ],
    [
      161,
      0.00016
    ],
    [
      162,
      0.00016
    ],
    [
      163,
      0.00015
    ],
    [
      164,
      0.00015
    ],
    [
      165,
      0.00015
    ],
    [
      166,
      0.00015
    ],
    [
      167,
      0.00015
    ],
    [
      168,
      0.00015
    ],
    [
      169,
      0.00014
    ],
    [
      170,
      0.00014
    ],
    [
      171,
      0.00014
    ],
    [
      172,
      0.00014
    ],
    [
      173,
      0.00014
    ],
    [
      174,
      0.00014
    ],
    [
      175,
      0.00013
    ],
    [
      176,
      0.00013
    ],
    [
      177,
      0.00013
    ],
    [
      178,
      0.00013
    ],
    [
      179,
      0.00013
    ],
    [
      180,
      0.00013
    ],
    [
      181,
      0.00013
    ],
    [
      182,
      0.00012
    ],
    [
      183,
      0.00012
    ],
    [
      184,
      0.00012
    ],
    [
      185,
      0.00012
    ],
    [
      186,
      0.00012
    ],
    [
      187,
      0.00012
    ],
    [
      188,
      0.00012
    ],
    [
      189,
      0.00011
    ],
    [
      190,
      0.00011
    ],
    [
      191,
      0.00011
    ],
    [
      192,
      0.00011
    ],
    [
      193,
      0.00011
    ],
    [
      194,
      0.00011
    ],
    [
      195,
      0.00011
    ],
    [
      196,
      0.00011
    ],
    [
      197,
      0.0001
    ],
    [
      198,
      0.0001
    ],
    [
      199,
      0.0001
    ],
    [
      200,
      0.0001
    ]
  ],
  "val_acc": [
    [
      10,
      0.05091
    ],
    [
      20,
      0.16824
    ],
    [
      30,
      0.22513
    ],
    [
      40,
      0.24903
    ],
    [
      50,
      0.22574
    ],
    [
      60,
      0.30467
    ],
    [
      70,
      0.36491
    ],
    [
      80,
      0.41026
    ],
    [
      90,
      0.22864
    ],
    [
      100,
      0.32005
    ],
    [
      110,
      0.35392
    ],
    [
      120,
      0.37342
    ],
    [
      130,
      0.38957
    ],
    [
      140,
      0.45439
    ],
    [
      150,
      0.39244
    ],
    [
      160,
      0.45204
    ],
    [
      170,
      0.42173
    ],
    [
      180,
      0.4388
    ],
    [
      190,
      0.45382
    ],
    [
      200,
      0.45214
    ]
  ],
  "AP_red": [
    [
      10,
      0.0
    ],
    [
      20,
      0.09091
    ],
    [
      30,
      0.16667
    ],
    [
      40,
      0.11846
    ],
    [
      50,
      0.10758
    ],
    [
      60,
      0.24793
    ],
    [
      70,
      0.39551
    ],
    [
      80,
      0.27953
    ],
    [
      90,
      0.22773
    ],
    [
      100,
      0.30303
    ],
    [
      110,
      0.31515
    ],
    [
      120,
      0.2488
    ],
    [
      130,
      0.35124
    ],
    [
      140,
      0.40262
    ],
    [
      150,
      0.33058
    ],
    [
      160,
      0.42994
    ],
    [
      170,
      0.41258
    ],
    [
      180,
      0.43434
    ],
    [
      190,
      0.45745
    ],
    [
      200,
      0.42641
    ]
  ],
  "AP_green": [
    [
      10,
      0.0
    ],
    [
      20,
      0.16364
    ],
    [
      30,
      0.27273
    ],
    [
      40,
      0.20979
    ],
    [
      50,
      0.17045
    ],
    [
      60,
      0.23182
    ],
    [
      70,
      0.2974
    ],
    [
      80,
      0.45405
    ],
    [
      90,
      0.23022
    ],
    [
      100,
      0.2
    ],
    [
      110,
      0.29953
    ],
    [
      120,
      0.29149
    ],
    [
      130,
      0.36439
    ],
    [
      140,
      0.47304
    ],
    [
      150,
      0.34474
    ],
    [
      160,
      0.43137
    ],
    [
      170,
      0.33741
    ],
    [
      180,
      0.36006
    ],
    [
      190,
      0.44342
    ],
    [
      200,
      0.47172
    ]
  ],
  "AP_people": [
    [
      10,
      0.09091
    ],
    [
      20,
      0.04545
    ],
    [
      30,
      0.04959
    ],
    [
      40,
      0.09091
    ],
    [
      50,
      0.03828
    ],
    [
      60,
      0.10097
    ],
    [
      70,
      0.10303
    ],
    [
      80,
      0.09761
    ],
    [
      90,
      0.06023
    ],
    [
      100,
      0.12981
    ],
    [
      110,
      0.13544
    ],
    [
      120,
      0.13939
    ],
    [
      130,
      0.11129
    ],
    [
      140,
      0.10933
    ],
    [
      150,
      0.17476
    ],
    [
      160,
      0.17913
    ],
    [
      170,
      0.1248
    ],
    [
      180,
      0.17505
    ],
    [
      190,
      0.1715
    ],
    [
      200,
      0.17956
    ]
  ],
  "AP_bike": [
    [
      10,
      0.0
    ],
    [
      20,
      0.14876
    ],
    [
      30,
      0.14773
    ],
    [
      40,
      0.21645
    ],
    [
      50,
      0.1866
    ],
    [
      60,
      0.25375
    ],
    [
      70,
      0.37085
    ],
    [
      80,
      0.4671
    ],
    [
      90,
      0.14935
    ],
    [
      100,
      0.25384
    ],
    [
      110,
      0.31818
    ],
    [
      120,
      0.47156
    ],
    [
      130,
      0.33882
    ],
    [
      140,
      0.47045
    ],
    [
      150,
      0.42424
    ],
    [
      160,
      0.40327
    ],
    [
      170,
      0.51384
    ],
    [
      180,
      0.50069
    ],
    [
      190,
      0.49495
    ],
    [
      200,
      0.47798
    ]
  ],
  "AP_car": [
    [
      10,
      0.16364
    ],
    [
      20,
      0.39242
    ],
    [
      30,
      0.48894
    ],
    [
      40,
      0.60953
    ],
    [
      50,
      0.62579
    ],
    [
      60,
      0.6889
    ],
    [
      70,
      0.65774
    ],
    [
      80,
      0.75299
    ],
    [
      90,
      0.47567
    ],
    [
      100,
      0.71355
    ],
    [
      110,
      0.7013
    ],
    [
      120,
      0.71588
    ],
    [
      130,
      0.78212
    ],
    [
      140,
      0.81653
    ],
    [
      150,
      0.68788
    ],
    [
      160,
      0.8165
    ],
    [
      170,
      0.72
    ],
    [
      180,
      0.72384
    ],
    [
      190,
      0.70179
    ],
    [
      200,
      0.70501
    ]
  ],
  "mean": 123.5,
  "std": 58.395,
  "label_type": "detection",
  "data_type": "image",
  "labels": [
    "red",
    "green",
    "people",
    "bike",
    "car"
  ],
  "best_eval": {
    "epoch": 140,
    "val_acc": 0.454,
    "val_info": [
      {
        "name": "597853b7f75b4722840fd953c37cb5b3.jpg",
        "nickname": "555.mp4_000014.874.jpg",
        "pred": [
          [
            40,
            113,
            47,
            120,
            0.6929863095283508,
            1.0
          ],
          [
            15,
            124,
            22,
            144,
            0.5885992646217346,
            2.0
          ],
          [
            108,
            126,
            117,
            155,
            0.8116711378097534,
            2.0
          ],
          [
            141,
            130,
            150,
            160,
            0.6282013654708862,
            2.0
          ],
          [
            157,
            129,
            171,
            159,
            0.8740993738174438,
            2.0
          ],
          [
            207,
            128,
            223,
            194,
            0.6506621241569519,
            2.0
          ],
          [
            139,
            144,
            157,
            159,
            0.8388216495513916,
            3.0
          ],
          [
            167,
            144,
            185,
            159,
            0.5737528800964355,
            3.0
          ],
          [
            179,
            134,
            229,
            160,
            0.6580228805541992,
            4.0
          ]
        ],
        "gt": [
          [
            40,
            112,
            47,
            120,
            1.0,
            1.0
          ],
          [
            37,
            128,
            46,
            157,
            1.0,
            2.0
          ],
          [
            48,
            128,
            54,
            157,
            1.0,
            2.0
          ],
          [
            53,
            127,
            61,
            159,
            1.0,
            2.0
          ],
          [
            60,
            128,
            68,
            156,
            1.0,
            2.0
          ],
          [
            69,
            127,
            79,
            158,
            1.0,
            2.0
          ],
          [
            108,
            127,
            120,
            157,
            1.0,
            2.0
          ],
          [
            136,
            130,
            146,
            157,
            1.0,
            2.0
          ],
          [
            159,
            131,
            171,
            158,
            1.0,
            2.0
          ],
          [
            214,
            129,
            223,
            192,
            1.0,
            2.0
          ],
          [
            18,
            126,
            25,
            145,
            1.0,
            2.0
          ],
          [
            140,
            141,
            158,
            157,
            1.0,
            3.0
          ],
          [
            180,
            134,
            223,
            158,
            1.0,
            4.0
          ]
        ],
        "ok": false
      },
      {
        "name": "3d0894daf3be4c258364885c312c16ce.jpg",
        "nickname": "555.mp4_000005.572.jpg",
        "pred": [
          [
            72,
            105,
            78,
            111,
            0.5916417241096497,
            1.0
          ],
          [
            82,
            111,
            102,
            166,
            0.6632168292999268,
            2.0
          ],
          [
            103,
            112,
            124,
            177,
            0.8384352922439575,
            2.0
          ],
          [
            141,
            120,
            152,
            148,
            0.6446132063865662,
            2.0
          ],
          [
            128,
            115,
            147,
            188,
            0.9159390330314636,
            2.0
          ],
          [
            157,
            113,
            189,
            225,
            0.7681238055229187,
            2.0
          ],
          [
            203,
            113,
            224,
            226,
            0.8663610816001892,
            2.0
          ]
        ],
        "gt": [
          [
            70,
            105,
            78,
            112,
            1.0,
            1.0
          ],
          [
            85,
            114,
            102,
            167,
            1.0,
            2.0
          ],
          [
            112,
            113,
            128,
            176,
            1.0,
            2.0
          ],
          [
            127,
            115,
            146,
            188,
            1.0,
            2.0
          ],
          [
            160,
            117,
            193,
            220,
            1.0,
            2.0
          ],
          [
            201,
            112,
            223,
            223,
            1.0,
            2.0
          ],
          [
            145,
            121,
            154,
            148,
            1.0,
            2.0
          ],
          [
            101,
            131,
            113,
            144,
            1.0,
            3.0
          ]
        ],
        "ok": true
      },
      {
        "name": "46a0f8732f7a4bd3bff1a0e7a8b8b103.jpg",
        "nickname": "555.mp4_000011.505.jpg",
        "pred": [
          [
            37,
            109,
            44,
            117,
            0.6631184816360474,
            1.0
          ],
          [
            74,
            124,
            88,
            164,
            0.6570019721984863,
            2.0
          ],
          [
            120,
            134,
            130,
            159,
            0.6405866742134094,
            2.0
          ],
          [
            139,
            124,
            153,
            171,
            0.6565128564834595,
            2.0
          ],
          [
            175,
            130,
            191,
            167,
            0.5420847535133362,
            2.0
          ],
          [
            195,
            144,
            216,
            166,
            0.6851211190223694,
            3.0
          ],
          [
            177,
            131,
            224,
            159,
            0.9326270222663879,
            4.0
          ]
        ],
        "gt": [
          [
            35,
            111,
            42,
            118,
            1.0,
            1.0
          ],
          [
            28,
            127,
            35,
            156,
            1.0,
            2.0
          ],
          [
            34,
            126,
            42,
            160,
            1.0,
            2.0
          ],
          [
            43,
            125,
            56,
            163,
            1.0,
            2.0
          ],
          [
            58,
            123,
            67,
            141,
            1.0,
            2.0
          ],
          [
            62,
            124,
            75,
            167,
            1.0,
            2.0
          ],
          [
            87,
            125,
            103,
            169,
            1.0,
            2.0
          ],
          [
            116,
            130,
            126,
            152,
            1.0,
            2.0
          ],
          [
            139,
            127,
            151,
            160,
            1.0,
            2.0
          ],
          [
            151,
            124,
            161,
            171,
            1.0,
            2.0
          ],
          [
            163,
            130,
            175,
            170,
            1.0,
            2.0
          ],
          [
            178,
            128,
            188,
            160,
            1.0,
            2.0
          ],
          [
            185,
            144,
            209,
            163,
            1.0,
            3.0
          ],
          [
            175,
            132,
            223,
            159,
            1.0,
            4.0
          ]
        ],
        "ok": false
      },
      {
        "name": "29a91e1b10294660aad005b0405dae0a.jpg",
        "nickname": "0015.jpg",
        "pred": [
          [
            33,
            102,
            41,
            110,
            0.6072568297386169,
            1.0
          ],
          [
            65,
            112,
            97,
            196,
            0.8197534680366516,
            2.0
          ],
          [
            95,
            119,
            106,
            148,
            0.6075921654701233,
            2.0
          ],
          [
            103,
            114,
            129,
            194,
            0.6456437110900879,
            2.0
          ],
          [
            124,
            107,
            167,
            221,
            0.889712929725647,
            2.0
          ],
          [
            162,
            111,
            205,
            223,
            0.9499415159225464,
            2.0
          ]
        ],
        "gt": [
          [
            32,
            102,
            39,
            110,
            1.0,
            1.0
          ],
          [
            68,
            112,
            103,
            202,
            1.0,
            2.0
          ],
          [
            105,
            107,
            132,
            196,
            1.0,
            2.0
          ],
          [
            119,
            110,
            158,
            221,
            1.0,
            2.0
          ],
          [
            162,
            106,
            201,
            223,
            1.0,
            2.0
          ],
          [
            202,
            110,
            223,
            211,
            1.0,
            2.0
          ],
          [
            32,
            133,
            46,
            147,
            1.0,
            3.0
          ]
        ],
        "ok": true
      },
      {
        "name": "316fdc07f12d4c899c6020eaa4122ba5.jpg",
        "nickname": "145.jpg",
        "pred": [
          [
            79,
            11,
            94,
            32,
            0.8590127825737,
            0.0
          ],
          [
            -1,
            85,
            46,
            212,
            0.8916545510292053,
            2.0
          ],
          [
            42,
            79,
            92,
            210,
            0.9490213394165039,
            2.0
          ],
          [
            132,
            96,
            181,
            203,
            0.7755522131919861,
            2.0
          ],
          [
            131,
            133,
            193,
            206,
            0.7714011073112488,
            3.0
          ]
        ],
        "gt": [
          [
            74,
            3,
            89,
            22,
            1.0,
            0.0
          ],
          [
            5,
            90,
            43,
            210,
            1.0,
            2.0
          ],
          [
            42,
            76,
            82,
            211,
            1.0,
            2.0
          ],
          [
            139,
            125,
            182,
            206,
            1.0,
            3.0
          ]
        ],
        "ok": false
      },
      {
        "name": "8df155ec8be84529bcf195288c45086f.jpg",
        "nickname": "555.mp4_000011.305.jpg",
        "pred": [
          [
            36,
            109,
            43,
            116,
            0.6921101808547974,
            1.0
          ],
          [
            72,
            124,
            88,
            180,
            0.5863752365112305,
            2.0
          ],
          [
            118,
            134,
            128,
            156,
            0.7068812847137451,
            2.0
          ],
          [
            144,
            129,
            160,
            171,
            0.5033581852912903,
            2.0
          ],
          [
            177,
            132,
            222,
            162,
            0.9310917854309082,
            4.0
          ]
        ],
        "gt": [
          [
            36,
            110,
            42,
            118,
            1.0,
            1.0
          ],
          [
            30,
            124,
            44,
            160,
            1.0,
            2.0
          ],
          [
            45,
            123,
            59,
            163,
            1.0,
            2.0
          ],
          [
            59,
            120,
            68,
            139,
            1.0,
            2.0
          ],
          [
            64,
            124,
            75,
            168,
            1.0,
            2.0
          ],
          [
            89,
            126,
            108,
            168,
            1.0,
            2.0
          ],
          [
            72,
            122,
            84,
            163,
            1.0,
            2.0
          ],
          [
            115,
            130,
            125,
            153,
            1.0,
            2.0
          ],
          [
            145,
            126,
            158,
            168,
            1.0,
            2.0
          ],
          [
            159,
            128,
            173,
            168,
            1.0,
            2.0
          ],
          [
            181,
            126,
            192,
            162,
            1.0,
            2.0
          ],
          [
            189,
            143,
            212,
            163,
            1.0,
            3.0
          ],
          [
            176,
            131,
            223,
            158,
            1.0,
            4.0
          ]
        ],
        "ok": true
      },
      {
        "name": "37642c56d3c7442187eb81f4b52642b5.jpg",
        "nickname": "555.mp4_000010.572.jpg",
        "pred": [
          [
            36,
            109,
            44,
            117,
            0.5528116822242737,
            1.0
          ],
          [
            75,
            125,
            89,
            167,
            0.6129121780395508,
            2.0
          ],
          [
            115,
            130,
            124,
            156,
            0.694503664970398,
            2.0
          ],
          [
            98,
            123,
            113,
            172,
            0.5652967691421509,
            2.0
          ]
        ],
        "gt": [
          [
            35,
            109,
            42,
            116,
            1.0,
            1.0
          ],
          [
            33,
            121,
            46,
            161,
            1.0,
            2.0
          ],
          [
            51,
            123,
            64,
            166,
            1.0,
            2.0
          ],
          [
            64,
            119,
            74,
            141,
            1.0,
            2.0
          ],
          [
            69,
            124,
            83,
            169,
            1.0,
            2.0
          ],
          [
            100,
            124,
            116,
            171,
            1.0,
            2.0
          ],
          [
            137,
            125,
            150,
            164,
            1.0,
            2.0
          ],
          [
            151,
            127,
            159,
            164,
            1.0,
            2.0
          ],
          [
            160,
            123,
            172,
            163,
            1.0,
            2.0
          ],
          [
            197,
            126,
            208,
            162,
            1.0,
            2.0
          ],
          [
            202,
            142,
            223,
            164,
            1.0,
            3.0
          ],
          [
            175,
            130,
            223,
            158,
            1.0,
            4.0
          ]
        ],
        "ok": true
      },
      {
        "name": "a13e523d537b4e5bbc7489de43dc4988.jpg",
        "nickname": "555.mp4_000034.175.jpg",
        "pred": [
          [
            48,
            106,
            54,
            113,
            0.7203565239906311,
            0.0
          ],
          [
            80,
            124,
            88,
            143,
            0.665744960308075,
            2.0
          ],
          [
            151,
            126,
            198,
            152,
            0.5734186172485352,
            4.0
          ],
          [
            181,
            129,
            222,
            159,
            0.9569615125656128,
            4.0
          ]
        ],
        "gt": [
          [
            48,
            105,
            54,
            112,
            1.0,
            0.0
          ],
          [
            156,
            125,
            160,
            138,
            1.0,
            2.0
          ],
          [
            161,
            127,
            168,
            139,
            1.0,
            2.0
          ],
          [
            168,
            125,
            175,
            138,
            1.0,
            2.0
          ],
          [
            88,
            124,
            96,
            145,
            1.0,
            2.0
          ],
          [
            164,
            130,
            195,
            151,
            1.0,
            4.0
          ],
          [
            191,
            131,
            223,
            155,
            1.0,
            4.0
          ]
        ],
        "ok": false
      },
      {
        "name": "f680829b569a4754b4d152b21d697a5d.jpg",
        "nickname": "0144.jpg",
        "pred": [
          [
            62,
            102,
            71,
            110,
            0.5943182110786438,
            0.0
          ],
          [
            0,
            122,
            70,
            167,
            0.9514034986495972,
            4.0
          ],
          [
            58,
            126,
            165,
            165,
            0.9303800463676453,
            4.0
          ]
        ],
        "gt": [
          [
            61,
            101,
            72,
            110,
            1.0,
            0.0
          ],
          [
            1,
            124,
            62,
            172,
            1.0,
            4.0
          ],
          [
            59,
            125,
            159,
            170,
            1.0,
            4.0
          ],
          [
            169,
            116,
            223,
            186,
            1.0,
            4.0
          ]
        ],
        "ok": true
      },
      {
        "name": "0024bc34daf74770a8ad860276b3193f.jpg",
        "nickname": "555.mp4_000038.705.jpg",
        "pred": [
          [
            51,
            104,
            58,
            112,
            0.6786856651306152,
            0.0
          ],
          [
            1,
            125,
            87,
            164,
            0.9422240853309631,
            4.0
          ],
          [
            127,
            127,
            206,
            159,
            0.8556811213493347,
            4.0
          ]
        ],
        "gt": [
          [
            50,
            106,
            57,
            112,
            1.0,
            0.0
          ],
          [
            1,
            126,
            85,
            161,
            1.0,
            4.0
          ],
          [
            109,
            126,
            188,
            159,
            1.0,
            4.0
          ],
          [
            176,
            130,
            223,
            154,
            1.0,
            4.0
          ]
        ],
        "ok": true
      }
    ]
  }
}